pdf_url	local_path	status	http_detail	bytes	sha256	pages
https://freuder.files.wordpress.com/2019/10/2016-flowcomposer.pdf	input/publications-francois-pachet/2016-flowcomposer.pdf	téléchargé		152230	90aff44aacab1f85629adf3bffecf4c6d27489ec29c92539377cd3709db48ae9	6
https://www.francoispachet.fr/wp-content/uploads/2021/01/addessi-05a.pdf	input/publications-francois-pachet/addessi-05a.pdf	téléchargé		10439139	596a1076a0f7fb5eed176fd8149b2bfbd4e56d088afe59e25be91a4961b39896	27
https://www.francoispachet.fr/wp-content/uploads/2021/01/addessi-05b.pdf	input/publications-francois-pachet/addessi-05b.pdf	téléchargé		920597	9bef016ee77df36f823c4f7ada2079000b435e5de308f354b50850a62d81db78	6
https://www.francoispachet.fr/wp-content/uploads/2021/01/addessi-06a.pdf	input/publications-francois-pachet/addessi-06a.pdf	téléchargé		273709	4928352503b2b8f082e9739bcb2fe2449f9ff4b4bbe60b9967d85424e5ec7ba7	12
https://www.francoispachet.fr/wp-content/uploads/2021/01/addessi-06b.pdf	input/publications-francois-pachet/addessi-06b.pdf	téléchargé		733258	bdef2bf24698124dc17568841899d8c2cf0c239397298d57700f56a6ac0ffad4	12
https://www.francoispachet.fr/wp-content/uploads/2021/01/addessi-06c.pdf	input/publications-francois-pachet/addessi-06c.pdf	téléchargé		299850	8a9dcf568b295e15d6e207c2d25a75307e139c0095946f278f418583c5dcd368	8
https://www.francoispachet.fr/wp-content/uploads/2021/01/addessi-07b.pdf	input/publications-francois-pachet/addessi-07b.pdf	téléchargé		6205617	bc843ad3b6a4f3ce0590b148b73e040276697055cd0837f6832c2f8fb6db0f3c	11
https://www.francoispachet.fr/wp-content/uploads/2021/01/Addessi-Degli-Esposti-abstractCIM08.pdf	input/publications-francois-pachet/Addessi-Degli-Esposti-abstractCIM08.pdf	téléchargé		113830	105f7f59ded23b7bea8418f3546681b5c00ab2e1f2b8799719b60d770314f22e	4
http://afia.asso.fr/wp-content/uploads/2016/10/AFIA23.pdf	input/publications-francois-pachet/AFIA23.pdf	téléchargé		12789442	4b041df226b4fc0dce1e6695e7692deba241cba72964977461ed9dca4f55815d	35
http://afia.asso.fr/wp-content/uploads/2016/10/AFIA78.pdf	input/publications-francois-pachet/AFIA78.pdf	téléchargé		9870804	d93131963aa9bea7d710e052bd89926b725b966abf3d9db91f347273283b2aba	63
https://www.francoispachet.fr/wp-content/uploads/2021/01/alain-08a.pdf	input/publications-francois-pachet/alain-08a.pdf	téléchargé		389448	405b0ae8308a136b01c41901131867796c6f50c5798143132f954cc000551ded	1
https://www.francoispachet.fr/wp-content/uploads/2026/04/AllenMeter.pdf	input/publications-francois-pachet/AllenMeter.pdf	téléchargé		587129	5ddde40464ba018dce7e3f3dbc67137d01c3b9502448f5ca995c8d9bbbf8e183	16
https://www.francoispachet.fr/wp-content/uploads/2021/01/aucouturier-02c.pdf	input/publications-francois-pachet/aucouturier-02c.pdf	téléchargé		715848	ba4edd122eb003ef7131344b4dd1a2c13a53f47a0928f1283baa1d2a4cfe1b7c	8
https://www.francoispachet.fr/wp-content/uploads/2021/01/aucouturier-04b.pdf	input/publications-francois-pachet/aucouturier-04b.pdf	téléchargé		382517	0357c9fe159854eaf9cf79547db0af2cc69de33528f7d21c3be3e81d417ff78b	13
https://www.francoispachet.fr/wp-content/uploads/2021/01/aucouturier-04c.pdf	input/publications-francois-pachet/aucouturier-04c.pdf	téléchargé		289673	795bfd79f0a30f2d1543b865efb4672b3ab7067e331f4250eca27927b2119bc2	6
https://www.francoispachet.fr/wp-content/uploads/2021/01/aucouturier-04d.pdf	input/publications-francois-pachet/aucouturier-04d.pdf	téléchargé		592409	4f763131f192e8a02feff89b6f28e6dc3c2c90227e1c798933021a0a6f5c8769	8
https://www.francoispachet.fr/wp-content/uploads/2021/01/aucouturier-05a.pdf	input/publications-francois-pachet/aucouturier-05a.pdf	téléchargé		861847	19b7be087c93822f257ec7b4cc6a0c00dd91b96875a1148a3add1543554b9fd4	8
https://www.francoispachet.fr/wp-content/uploads/2021/01/aucouturier-05c.pdf	input/publications-francois-pachet/aucouturier-05c.pdf	téléchargé		2194952	209a4bae09d12326c9d6cbb7319eea6dad16abf33ba5f829b627ad3a95c0d5bc	10
https://www.francoispachet.fr/wp-content/uploads/2021/01/aucouturier-06a-1.pdf	input/publications-francois-pachet/aucouturier-06a-1.pdf	téléchargé		939609	fc07bfed6543c1ba7fbe3d9ac0f59ff033e928f478fb12ade4768d996bd9b1bb	8
https://www.francoispachet.fr/wp-content/uploads/2021/01/aucouturier-07-scale-free.pdf	input/publications-francois-pachet/aucouturier-07-scale-free.pdf	téléchargé		234209	aae716da29a8b2215274226bd28db0cf612ac18a5fd7c145e21e32e7e700bad1	13
https://www.francoispachet.fr/wp-content/uploads/2021/01/aucouturier-07a.pdf	input/publications-francois-pachet/aucouturier-07a.pdf	téléchargé		157282	e97ea246a1644edbe11b0ef502ebc35be79b8bf455554eec2022f6bbdaf767eb	17
https://www.francoispachet.fr/wp-content/uploads/2021/01/aucouturier-07b.pdf	input/publications-francois-pachet/aucouturier-07b.pdf	téléchargé		225415	f1680445e5d61ae328ddcafc4d511a1a8178bf51e7e766d09bc220551130cc99	11
https://www.francoispachet.fr/wp-content/uploads/2021/01/aucouturier-07e.pdf	input/publications-francois-pachet/aucouturier-07e.pdf	téléchargé		821166	ee8abeef62e4e4959487bc1c9f4daa45326cad626c42bbdfee302b748124de4a	6
https://www.francoispachet.fr/wp-content/uploads/2021/01/barbieri-10a.pdf	input/publications-francois-pachet/barbieri-10a.pdf	téléchargé		424902	42be26ac190384db52455b9fd55d5f13bb066de836e7afe4b0233e75330961e0	6
https://www.francoispachet.fr/wp-content/uploads/2021/01/barbieri-12a.pdf	input/publications-francois-pachet/barbieri-12a.pdf	téléchargé		395612	333bb53c1f07df138f5dc61f15156729d12fb1adb24edfc28689aa6fe3593ec7	6
https://www.francoispachet.fr/wp-content/uploads/2021/01/benghi-08a.pdf	input/publications-francois-pachet/benghi-08a.pdf	téléchargé		589228	2ab5203d1b55b83bb2f6c7df46b71eefb7d27e708f9f0111b3df0d2b8018305c	1
https://www.francoispachet.fr/wp-content/uploads/2021/01/cabral-05a.pdf	input/publications-francois-pachet/cabral-05a.pdf	téléchargé		394082	7736778a86b697c0529c62cad7411d600c06f5c6b4ddf03f8a9c5b034736f56c	6
https://www.francoispachet.fr/wp-content/uploads/2021/01/cabral-05b.pdf	input/publications-francois-pachet/cabral-05b.pdf	téléchargé		352404	96dfb5795992439b9011d6142f206b07f0ae44b506296b1834dddad168666061	11
https://www.francoispachet.fr/wp-content/uploads/2021/01/cabral-05c.pdf	input/publications-francois-pachet/cabral-05c.pdf	téléchargé		177335	d21c1dd7cf82c2833f2a3626aff0c3396b2255a2c5d55fed3371234d9886ba18	6
https://www.francoispachet.fr/wp-content/uploads/2021/01/cabral-05d.pdf	input/publications-francois-pachet/cabral-05d.pdf	téléchargé		179381	6d95e207344227c8db287666b3e11c75a0743a81a8f6593dba281b26643b1dbf	5
https://www.francoispachet.fr/wp-content/uploads/2021/01/cabral-06a.pdf	input/publications-francois-pachet/cabral-06a.pdf	téléchargé		192989	158c09932784f113f1da2e2c00cc97503a2f36ac882f9c92e27b36dd85db312b	4
https://www.francoispachet.fr/wp-content/uploads/2021/01/cabral-07a.pdf	input/publications-francois-pachet/cabral-07a.pdf	téléchargé		815030	e494f889dd81e5db74fdc6f4767f22147c339304c2f10a99a61e6e4caea83fb6	14
https://www.francoispachet.fr/wp-content/uploads/2021/01/carrive-00a.pdf	input/publications-francois-pachet/carrive-00a.pdf	téléchargé		189597	d775558f16c341f235bd5fdddbc14d130a5d70c211606ab0a0fdeec660d00f98	16
https://www.francoispachet.fr/wp-content/uploads/2021/01/carrive-00b-1.pdf	input/publications-francois-pachet/carrive-00b-1.pdf	téléchargé		144025	a169a0db86bd6b0602a1cbfd48b82a5386db4871c8f9d64555832547906e3de1	9
https://www.francoispachet.fr/wp-content/uploads/2021/01/carrive-00c.pdf	input/publications-francois-pachet/carrive-00c.pdf	téléchargé		112448	4c5780bf5126ee254255800e513779b543e07a3392b1c90013e088ff76aed423	17
https://www.francoispachet.fr/wp-content/uploads/2021/01/carrive-jim96-publie.pdf	input/publications-francois-pachet/carrive-jim96-publie.pdf	téléchargé		376123	767c522ccf44fab0da9446f572447a089a28cc2e563024abe1ce5ec110044d59	18
https://www.francoispachet.fr/wp-content/uploads/2021/01/colton-16.pdf	input/publications-francois-pachet/colton-16.pdf	téléchargé		12191172	c4fb429a8ee2922368803e089767c7762cf36f9220be0b10eaeef5486f5af89f	10
https://www.francoispachet.fr/wp-content/uploads/2021/01/CrossWordLaforia.pdf	input/publications-francois-pachet/CrossWordLaforia.pdf	téléchargé		82021	2427bf8c3857334a1ac1bf7810c84902f208189ce283648764b3930cc813733c	3
https://www.francoispachet.fr/wp-content/uploads/2021/01/dani-15a.pdf	input/publications-francois-pachet/dani-15a.pdf	téléchargé		3602154	bfc33bea1822884297f150db1a2ea4daac4d2b7aa42fa971a9ada53ce9235cee	9
https://www.francoispachet.fr/wp-content/uploads/2021/01/dani-15b.pdf	input/publications-francois-pachet/dani-15b.pdf	téléchargé		240985	5c399b6bb0f6d9ed23348f7a90de484381b96fb1b10655ff1268f8529e945bb0	5
https://www.francoispachet.fr/wp-content/uploads/2021/01/dani-15c.pdf	input/publications-francois-pachet/dani-15c.pdf	téléchargé		223014	2197fb59fd82b2d23cbbfbb54c67f4b631791dd1ea5a59d9e9e41c21e92e0ae1	10
https://www.francoispachet.fr/wp-content/uploads/2021/01/Defreville-06-Automatic_Recognition_of_Urban_Sound_Sources.pdf	input/publications-francois-pachet/Defreville-06-Automatic_Recognition_of_Urban_Sound_Sources.pdf	téléchargé		182120	654b81d19b06ce60327d77becc0a5351bce3857a28870084b8f5169cad6a085d	9
https://www.francoispachet.fr/wp-content/uploads/2021/01/deruty-14c.pdf	input/publications-francois-pachet/deruty-14c.pdf	téléchargé		1895828	c4a5c8ee29614bfb839c2f69bea3a1a10ad4d4bca97d4d24703af2982b610b16	11
https://www.francoispachet.fr/wp-content/uploads/2021/01/deruty-15a.pdf	input/publications-francois-pachet/deruty-15a.pdf	téléchargé		1267800	b0b07df0cf9e52132c9a65b75a38afd2f1312146b344a7e041776c11406e741d	6
https://www.francoispachet.fr/wp-content/uploads/2021/01/djamen-flairs97.pdf	input/publications-francois-pachet/djamen-flairs97.pdf	téléchargé		862083	982b92fe8ff2b2d890a49ff1b8b0b525c0ec3abd5d069750312bd22f5f60fc78	5
https://www.francoispachet.fr/wp-content/uploads/2021/01/Do-Jazz-Improvizers-Really-Interact.pdf	input/publications-francois-pachet/Do-Jazz-Improvizers-Really-Interact.pdf	téléchargé		462488	cc97a11f6e64a648977f2e5fa6e84a72131cfea630e6c4084b468c2ac983ec10	15
https://www.francoispachet.fr/wp-content/uploads/2021/01/Dojat-92-IEEE-engineering-medicine.pdf	input/publications-francois-pachet/Dojat-92-IEEE-engineering-medicine.pdf	téléchargé		200574	2c7b76567763a3d0197754e87c075abe20a2d0e0c9f0812dbff95426bffca43d	2
https://www.francoispachet.fr/wp-content/uploads/2021/01/dojat-92-ieee.pdf	input/publications-francois-pachet/dojat-92-ieee.pdf	téléchargé		248997	aa756d09a851794c0abb3d0fb2e6a4ed3ff3fc66f357d5950d67cfbc4878b775	13
https://www.francoispachet.fr/wp-content/uploads/2021/01/dojat-95-ijcai-final.pdf	input/publications-francois-pachet/dojat-95-ijcai-final.pdf	téléchargé		212788	d47c6c9aa9add670465019b55ad73c8560a0a44533c26d0da9879b2794b09549	9
https://www.francoispachet.fr/wp-content/uploads/2021/01/dojat-95a.pdf	input/publications-francois-pachet/dojat-95a.pdf	téléchargé		125898	6ad568309c89a5a8959d036252490f1293ab7e35a4c6a9cc94720b10f4137a67	33
https://www.francoispachet.fr/wp-content/uploads/2021/01/dojat-97a.pdf	input/publications-francois-pachet/dojat-97a.pdf	téléchargé		136139	178938c10326992937204c4c12b043b3178904e5caae2651405adc23f671b1c3	33
https://www.francoispachet.fr/wp-content/uploads/2021/01/ferrari-04a.pdf	input/publications-francois-pachet/ferrari-04a.pdf	téléchargé		270642	a037a5c4089f3891a58ac53d08eace6a6695d768129c6957008ac6dc90da4dc2	8
https://www.francoispachet.fr/wp-content/uploads/2021/01/ferrari-06a.pdf	input/publications-francois-pachet/ferrari-06a.pdf	téléchargé		97988	e1ba0e9a5e074154a1028fe80a0c94bbdcf6bbaaab7e57fc13e737a057a49700	7
https://www.francoispachet.fr/wp-content/uploads/2021/01/fober-13a.pdf	input/publications-francois-pachet/fober-13a.pdf	téléchargé		454740	3d2a0cebc4cacf2bf6c1537e420fb654dbe6d79d7f9e8573ccef5eb2010a7f79	8
https://www.francoispachet.fr/wp-content/uploads/2021/01/fober-13b.pdf	input/publications-francois-pachet/fober-13b.pdf	téléchargé		497427	60452f7847b05939740d6e174d359f58d4240b50d30837c2f18b2552894600d8	59
https://www.francoispachet.fr/wp-content/uploads/2021/01/foulon2013classification.pdf	input/publications-francois-pachet/foulon2013classification.pdf	téléchargé		392964	8ba3acb69e7d15ac4d27b93e12ccd6707d7cd226ef6471551784085c619259d6	14
https://www.francoispachet.fr/wp-content/uploads/2021/01/gdr-liret-98-GDRsubmitted.pdf	input/publications-francois-pachet/gdr-liret-98-GDRsubmitted.pdf	téléchargé		259511	81820f601eca6cc869ac972561661cda35bea3197d5bd89f797b9b60483a5880	10
https://www.francoispachet.fr/wp-content/uploads/2021/01/ghedini-15a.pdf	input/publications-francois-pachet/ghedini-15a.pdf	téléchargé		728748	08f38cda751857544911d97a0d827a32dd497a5f14b808177b0d4ee506157a62	9
https://www.francoispachet.fr/wp-content/uploads/2021/01/ghedini-15b.pdf	input/publications-francois-pachet/ghedini-15b.pdf	téléchargé		848239	0d14d4f9588a8c67097858b64418840b853bcccf9d4f8588c9fd207874696deb	21
https://www.francoispachet.fr/wp-content/uploads/2021/01/ghedini-15c.pdf	input/publications-francois-pachet/ghedini-15c.pdf	téléchargé		1404677	8d2bad0a540b5d18910028715e9dd575c0f24db6911e59f606be5b5ab8fd7c2b	2
https://www.francoispachet.fr/wp-content/uploads/2021/01/giret-09a.pdf	input/publications-francois-pachet/giret-09a.pdf	téléchargé		403111	abdf1bd403856f28d0ca31a9110ab191aed69602182552f7bcafff2705f24c35	11
https://www.francoispachet.fr/wp-content/uploads/2021/01/giroux-94_epitalk_2e_jours-article-edited.pdf	input/publications-francois-pachet/giroux-94_epitalk_2e_jours-article-edited.pdf	téléchargé		302807	a9c5dc8252e7c074fb86e7ebe346a2788b6b78188e9da26954b5a8582ab936b0	13
https://www.francoispachet.fr/wp-content/uploads/2021/01/giroux-95-ijcai-planrecognition-final.pdf	input/publications-francois-pachet/giroux-95-ijcai-planrecognition-final.pdf	téléchargé		250509	df6ceaf631c6c53f87f10f38fcb73a2004bf8fc072e11401d24defe1d19c5cec	6
https://www.francoispachet.fr/wp-content/uploads/2021/01/giroux-95a.pdf	input/publications-francois-pachet/giroux-95a.pdf	téléchargé		206573	dde17c98bd0ad9296634305faeb8847a545bc7ae1e1cadaff05ec717293efd21	28
https://www.francoispachet.fr/wp-content/uploads/2021/01/giroux-96a.pdf	input/publications-francois-pachet/giroux-96a.pdf	téléchargé		135199	6163395d2bc8ba751855a6f4338f0e9679e97adca7fb9e608eead91f1608d0e1	10
https://www.francoispachet.fr/wp-content/uploads/2021/01/giroux-Calisce94.pdf	input/publications-francois-pachet/giroux-Calisce94.pdf	téléchargé		102188	4125bad63049a63c473dc6bf11cc25e404b05dc8f01d7cb84c4a0b81c33a4acf	10
https://www.francoispachet.fr/wp-content/uploads/2021/01/giroux-Tools95.pdf	input/publications-francois-pachet/giroux-Tools95.pdf	téléchargé		150681	f9ad927c34a4fa5e2fe5376bfbe00efd01c7c816a103acb2001ca1558282b11c	11
https://www.francoispachet.fr/wp-content/uploads/2021/01/gouyon-00-dafx00.pdf	input/publications-francois-pachet/gouyon-00-dafx00.pdf	téléchargé		258293	5d3cda347b3b3d3fc3e8873c81bbd27039f5e498b60e37667277d96cd2902373	6
https://www.francoispachet.fr/wp-content/uploads/2021/01/hedges-14a.pdf	input/publications-francois-pachet/hedges-14a.pdf	téléchargé		677739	638833dd78723ed7ab329431607f3d2455698e31ef0f66eaf361a31c51dec215	16
https://www.francoispachet.fr/wp-content/uploads/2025/12/Informatique-Musicale-HAL-2025.pdf	input/publications-francois-pachet/Informatique-Musicale-HAL-2025.pdf	téléchargé		6341883	0d4aa0adaaa2b74a97fc7d1999682bd6d9fd42277d9799ef71b37098c6679c57	431
https://www.francoispachet.fr/wp-content/uploads/2021/01/Jim97-final.doc.pdf	input/publications-francois-pachet/Jim97-final.doc.pdf	téléchargé		351766	4df3752fe0e7c76bbaeaece43aff15a41210ddd60e187afb9473d163f70d0b9d	11
https://www.francoispachet.fr/wp-content/uploads/2021/01/jones-09a.pdf	input/publications-francois-pachet/jones-09a.pdf	téléchargé		255304	3434f2a9a5d869e42d056684ee4bfe540ba32eafe832cdd49dfd1b7e67720d6d	10
https://www.francoispachet.fr/wp-content/uploads/2021/01/karsenty-95-ihm95-submitted.pdf	input/publications-francois-pachet/karsenty-95-ihm95-submitted.pdf	téléchargé		149580	95746364564aff8276608b33589525be43d1dcb164e0b75cb5776895293bb7bb	5
https://www.francoispachet.fr/wp-content/uploads/2021/01/khatchatourov-13b.pdf	input/publications-francois-pachet/khatchatourov-13b.pdf	téléchargé		2937675	189a59ab8469895582443195105149942ea7ae6cf9d0426a0da60eaf5c92c40b	66
https://www.francoispachet.fr/wp-content/uploads/2021/01/krakowski-09a.pdf	input/publications-francois-pachet/krakowski-09a.pdf	téléchargé		43655	ed932700c77838f2a01a211aad912f03c221b1efa458618cdbd82743b3ca3938	1
https://www.francoispachet.fr/wp-content/uploads/2021/01/lerch-10a.pdf	input/publications-francois-pachet/lerch-10a.pdf	téléchargé		735779	09ac98cd50c4d67804dc0f4c11e22e02f6d5f245b3654963c1502e3d36339869	11
https://www.francoispachet.fr/wp-content/uploads/2021/01/liret-97-Ercim-combining-formal-reasoning-techniques.pdf	input/publications-francois-pachet/liret-97-Ercim-combining-formal-reasoning-techniques.pdf	téléchargé		182977	d032e5797b254ea760a6cbda94c18fc4e2d55f8fdab1f54c6319c7c1bcaf5c81	6
https://www.francoispachet.fr/wp-content/uploads/2021/01/liret-97-report.pdf	input/publications-francois-pachet/liret-97-report.pdf	téléchargé		437408	28bb86241845ea44386e32fde48416bea0f3c592741aa78d23d083787979a048	23
https://www.francoispachet.fr/wp-content/uploads/2021/01/liret-99b.pdf	input/publications-francois-pachet/liret-99b.pdf	téléchargé		63955	fda353119cf1b58efe60664f93835fc41b53f255abf25ee21a4c6b7529ba9692	9
https://www.francoispachet.fr/wp-content/uploads/2021/01/Liret-JFLA98.pdf	input/publications-francois-pachet/Liret-JFLA98.pdf	téléchargé		217724	a5a1a8ef4bf7a1aa4b97fad63397d1f53d18a84a148d9f2ca1a71c8b0aee4e19	14
https://www.francoispachet.fr/wp-content/uploads/2021/01/liret-unpubllished-ALTOOLS.pdf	input/publications-francois-pachet/liret-unpubllished-ALTOOLS.pdf	téléchargé		294531	1458c28c4afe0bd5cd9411a022de2da38a84c83551404382b79a570da9966b89	15
https://www.francoispachet.fr/wp-content/uploads/2021/01/marchini-17nime.pdf	input/publications-francois-pachet/marchini-17nime.pdf	téléchargé		1343777	7e0c74a4659a650fe194845f30fceb00186efe56437570f2608a380d4f0a5c6a	6
https://www.francoispachet.fr/wp-content/uploads/2021/01/martin-16a.pdf	input/publications-francois-pachet/martin-16a.pdf	téléchargé		775624	8f757322d3b74ea205a1466c18b3ac68f89f18904ad1ce56fcbf0b907e7387a5	23
https://www.francoispachet.fr/wp-content/uploads/2021/01/max_order.pdf	input/publications-francois-pachet/max_order.pdf	téléchargé		319730	fdc24ba3a422e0144f55eb6c72bb54577af227d3aa335a25a0989c2eafeed0c1	19
https://www.francoispachet.fr/wp-content/uploads/2021/01/mili-00-MCSEAI.pdf	input/publications-francois-pachet/mili-00-MCSEAI.pdf	téléchargé		97923	9378006447be708391c120945352438d8b5925cf8bdadb004219844040f3c43e	10
https://www.francoispachet.fr/wp-content/uploads/2021/01/mili-95a-Regularity_Document_Generation_and_Cyc.pdf	input/publications-francois-pachet/mili-95a-Regularity_Document_Generation_and_Cyc.pdf	téléchargé		268670	6ad3e17aee8e20b51b12d113ef359b258d0e670240ad0c6d6b7781dbfa0042ca	33
https://www.francoispachet.fr/wp-content/uploads/2021/01/mili-95b.pdf	input/publications-francois-pachet/mili-95b.pdf	téléchargé		220624	46d62f1799698fa444015f3c2da00afb4a1c2442db519dbcd0e78323ba7a3e3a	19
https://www.francoispachet.fr/wp-content/uploads/2021/01/molnar-08a.pdf	input/publications-francois-pachet/molnar-08a.pdf	téléchargé		678318	364f5f8ddd24b12a7bf14fa6298e86fd748de61ae17593d44cb3cf44de40bcd8	12
https://www.francoispachet.fr/wp-content/uploads/2021/01/Monceau-05-Descriptor-based-spatialization.pdf	input/publications-francois-pachet/Monceau-05-Descriptor-based-spatialization.pdf	téléchargé		97242	e8671d909d630f0d5aae571047d60e2ad3a30465216ae31b0938b6efdd310ff4	8
https://www.francoispachet.fr/wp-content/uploads/2021/01/moreira-13a.pdf	input/publications-francois-pachet/moreira-13a.pdf	téléchargé		461532	5f3df4d3e8337c50dc751ca856923c09b8c0571e35aff2834718d1a1aabc9bb4	6
https://www.francoispachet.fr/wp-content/uploads/2021/01/mouton-95-Ijcaifinal.pdf	input/publications-francois-pachet/mouton-95-Ijcaifinal.pdf	téléchargé		217381	7b4a01343df7e11c7c813999b8272bed0134f267013aad951dc9f71e03190d2e	10
https://www.francoispachet.fr/wp-content/uploads/2026/03/noms-de-fichiers-le-nom-STP.pdf	input/publications-francois-pachet/noms-de-fichiers-le-nom-STP.pdf	téléchargé		318989	86695d7fcb9b9b9f51d46ac597497ca2d96dd077421d20a4593c98fba18b31ab	25
https://www.francoispachet.fr/wp-content/uploads/2021/01/pachet-00-dynamicMixing.pdf	input/publications-francois-pachet/pachet-00-dynamicMixing.pdf	téléchargé		77148	a4711f40f65bc9f7a35061c512821fb1acffef450fcbd066f5defa1e1084688e	4
https://www.francoispachet.fr/wp-content/uploads/2021/01/pachet-00-ieeeMM.pdf	input/publications-francois-pachet/pachet-00-ieeeMM.pdf	téléchargé		127092	e257676e65b40c8e1f499d351e35ee6662656f0b8359767d7a9fcbeec4016254	8
https://www.francoispachet.fr/wp-content/uploads/2021/01/pachet-00-rhythm.pdf	input/publications-francois-pachet/pachet-00-rhythm.pdf	téléchargé		549601	eeb6813daa8b5b2d4e0bc7ef95158b0da57976b1d10742b08fd35c134523205f	4
https://www.francoispachet.fr/wp-content/uploads/2021/01/pachet-00-space.pdf	input/publications-francois-pachet/pachet-00-space.pdf	téléchargé		80320	3779af998affc3108c4387f877c4ef9a27f3245cd58a8b2de26ca8a8ccdfc761	3
https://www.francoispachet.fr/wp-content/uploads/2021/01/pachet-00-SRF2000final.pdf	input/publications-francois-pachet/pachet-00-SRF2000final.pdf	téléchargé		275008	ebff816786399cf50e88e68534a52a2f5f82c77b5e263b5bfe70bc9710e73b59	6
https://www.francoispachet.fr/wp-content/uploads/2021/01/pachet-00aa.pdf	input/publications-francois-pachet/pachet-00aa.pdf	téléchargé		200716	979cd4c4946508df6d4cdc145d838f683b09dc0f0ca9ea6053873d73ecbe35a5	10
https://www.francoispachet.fr/wp-content/uploads/2021/01/pachet-00b.pdf	input/publications-francois-pachet/pachet-00b.pdf	téléchargé		23224	17cafd18c54e5b59bc434a8430e9fb74307ff0f5456084e2bdb882dba3a28a74	2
https://www.francoispachet.fr/wp-content/uploads/2021/01/pachet-00c.pdf	input/publications-francois-pachet/pachet-00c.pdf	téléchargé		245885	63df8ba476cf4a87343c2e2dbacf30b4ef2a359f285c57f2c60c4cde44578df7	21
https://www.francoispachet.fr/wp-content/uploads/2021/01/pachet-01-CBMI-final.pdf	input/publications-francois-pachet/pachet-01-CBMI-final.pdf	téléchargé		36548	55e09812534fb530f0da49b804297cab908819d623e2a754bd0e35376202dcf9	5
https://www.francoispachet.fr/wp-content/uploads/2021/01/pachet-01-Musical_Harmonization_with_Constraints.pdf	input/publications-francois-pachet/pachet-01-Musical_Harmonization_with_Constraints.pdf	téléchargé		77934	2eedc6cebaca66733133e1e41b2ae52f773f10c56a92eec32909052480a6200e	11
https://www.francoispachet.fr/wp-content/uploads/2021/01/pachet-01-wedel-final.pdf	input/publications-francois-pachet/pachet-01-wedel-final.pdf	téléchargé		101942	9ab5056b9f914a9e650897b0d42e2aa8403031ca25001e603a618c229709bb92	6
https://www.francoispachet.fr/wp-content/uploads/2021/01/pachet-01a.pdf	input/publications-francois-pachet/pachet-01a.pdf	téléchargé		72033	845066b21b7f06385b22c7e58f3d64c32d41cd3341e4ade282a9ec84fa29c080	8
https://www.francoispachet.fr/wp-content/uploads/2021/01/pachet-02-icmai-final.pdf	input/publications-francois-pachet/pachet-02-icmai-final.pdf	téléchargé		96264	6de3bb9af77d8ea81eb8d8459a2a347564bc61151c1c2fcbe7e89031bc0bb86f	8
https://www.francoispachet.fr/wp-content/uploads/2021/01/pachet-02b.pdf	input/publications-francois-pachet/pachet-02b.pdf	téléchargé		1231557	02a9d34064459cce1a656b579224cd75216eea885fd41dcfc379ad3380154f8c	7
https://www.francoispachet.fr/wp-content/uploads/2021/01/pachet-02c.pdf	input/publications-francois-pachet/pachet-02c.pdf	téléchargé		99905	947eb162a5ffed48d6dc4f69192269049700367eb79aaee62956ff56a7d359f9	12
https://www.francoispachet.fr/wp-content/uploads/2021/01/pachet-02d.pdf	input/publications-francois-pachet/pachet-02d.pdf	téléchargé		1249091	fc944159c28b188c761941cc7a54cc3c77523be6899274ef3ab394d249a8d28b	4
https://www.francoispachet.fr/wp-content/uploads/2021/01/pachet-02f.pdf	input/publications-francois-pachet/pachet-02f.pdf	téléchargé		127362	2e343b57fe4eeeb934f14ac266314faf144beb98b862299bada307b9b625313e	9
https://www.francoispachet.fr/wp-content/uploads/2021/01/pachet-02g.pdf	input/publications-francois-pachet/pachet-02g.pdf	téléchargé		464286	9b1dc329d9cb2a5e9136b20b69bf82c448f06b0c9b1810b8277a0964b505e7af	7
https://www.francoispachet.fr/wp-content/uploads/2021/01/pachet-03-siggraph.pdf	input/publications-francois-pachet/pachet-03-siggraph.pdf	téléchargé		10772	7b4a00013979d64f508999f71777acef64ea791858c7d268bf4109fbf271346b	1
https://www.francoispachet.fr/wp-content/uploads/2021/01/pachet-03a.pdf	input/publications-francois-pachet/pachet-03a.pdf	téléchargé		200615	c0232c36a253603de5b857c662ed3827638a9620ef478986cf048ab37133b7f7	5
https://www.francoispachet.fr/wp-content/uploads/2021/01/pachet-03c.pdf	input/publications-francois-pachet/pachet-03c.pdf	téléchargé		110046	d9391f0b9e5bcfd6a5362263348cbd7c98cee08c2f1cc65b43df17844174053c	13
https://www.francoispachet.fr/wp-content/uploads/2021/01/pachet-03e.pdf	input/publications-francois-pachet/pachet-03e.pdf	téléchargé		450955	cc3edd402dcdb841fb45d4921f62f19b92ab719342bb342e92b139fa35f6beb1	8
https://www.francoispachet.fr/wp-content/uploads/2021/01/pachet-03g.pdf	input/publications-francois-pachet/pachet-03g.pdf	téléchargé		252928	b02ae0bdfaa42623ee0f46c3036533aebd102159b4f482970b62c3dc46df6604	5
https://www.francoispachet.fr/wp-content/uploads/2021/01/pachet-03i-1.pdf	input/publications-francois-pachet/pachet-03i-1.pdf	téléchargé		638336	0acbb4ed8f7ffeba2a84f38979247ffe0ce17b07601d8f1331e9135f0a9d104f	8
https://www.francoispachet.fr/wp-content/uploads/2021/01/pachet-03i.pdf	input/publications-francois-pachet/pachet-03i.pdf	téléchargé		638336	0acbb4ed8f7ffeba2a84f38979247ffe0ce17b07601d8f1331e9135f0a9d104f	8
https://www.francoispachet.fr/wp-content/uploads/2021/01/pachet-03k.pdf	input/publications-francois-pachet/pachet-03k.pdf	téléchargé		430084	78830fab953c5a7416608667e34f5ffddf6f528baabb8fc154bd46f06c5bd7d0	20
https://www.francoispachet.fr/wp-content/uploads/2021/01/pachet-04-designflowmachines.pdf	input/publications-francois-pachet/pachet-04-designflowmachines.pdf	téléchargé		795849	371fafcb547934d968498ff23175519ff89bc1b09c1fd5a385349ea2a4287b41	22
https://www.francoispachet.fr/wp-content/uploads/2021/01/pachet-04-When.pdf	input/publications-francois-pachet/pachet-04-When.pdf	téléchargé		248539	423aaa9d906a2e1d9bc81d50ee56c23c2d35c95500da06eb5381b71fc65d2b79	19
https://www.francoispachet.fr/wp-content/uploads/2021/01/pachet-04a.pdf	input/publications-francois-pachet/pachet-04a.pdf	téléchargé		322021	af031ad4c67e81a0401233b748dfa4e2771a4630f7dc32f7b6fa9aedd49d7b8c	4
https://www.francoispachet.fr/wp-content/uploads/2021/01/pachet-04b.pdf	input/publications-francois-pachet/pachet-04b.pdf	téléchargé		593292	4a7c724b02deceb391194619395de50b3db6384eb1cf84d704b77ca8e3608193	12
https://www.francoispachet.fr/wp-content/uploads/2021/01/pachet-04c.pdf	input/publications-francois-pachet/pachet-04c.pdf	téléchargé		1245456	e730506131ea382a9f218c62b37d25152c93c9331a02a28823aa19bbbf67f259	17
https://www.francoispachet.fr/wp-content/uploads/2021/01/pachet-04f.pdf	input/publications-francois-pachet/pachet-04f.pdf	téléchargé		577610	d94b82cc86889e2b72362c793c9c822bbdbdfd6ca1746bfdd2af398c88992f91	29
https://www.francoispachet.fr/wp-content/uploads/2021/01/pachet-04i.pdf	input/publications-francois-pachet/pachet-04i.pdf	téléchargé		376294	4b16c39268f4d585a25386fbb1bf375450d65d1ee2c296d08d67b316b980714c	19
https://www.francoispachet.fr/wp-content/uploads/2021/01/pachet-04j.pdf	input/publications-francois-pachet/pachet-04j.pdf	téléchargé		388741	617ae63d87504d7c4095083e8b5f4c8684136336e5400ca65c897c463c80147a	26
https://www.francoispachet.fr/wp-content/uploads/2021/01/pachet-04k.pdf	input/publications-francois-pachet/pachet-04k.pdf	téléchargé		140076	2f91de49210854c33a6de7bf1b50c11f472a06f212cb5ec5cda8f1942f187818	8
https://www.francoispachet.fr/wp-content/uploads/2021/01/pachet-05a.pdf	input/publications-francois-pachet/pachet-05a.pdf	téléchargé		95742	f07363fc10f87a4db81dc39e1ed68538ea45630ed04a72e99ccd5ab7dc52bd07	9
https://www.francoispachet.fr/wp-content/uploads/2021/01/pachet-05c-1.pdf	input/publications-francois-pachet/pachet-05c-1.pdf	téléchargé		1070988	fb768040d771e89893b7b8ebb10d3a8e402a3133b5366375c9d76d3e338d7efe	12
https://www.francoispachet.fr/wp-content/uploads/2021/01/Pachet-06-Creativity_Studies.pdf	input/publications-francois-pachet/Pachet-06-Creativity_Studies.pdf	téléchargé		68905	7ebd566b6a9db5d70e13ab2868a489a07760b065242f5d9e973fdd3b8bcb791c	10
https://www.francoispachet.fr/wp-content/uploads/2021/01/pachet-06-Enhancing_Individual_Creativity.pdf	input/publications-francois-pachet/pachet-06-Enhancing_Individual_Creativity.pdf	téléchargé		934263	bb93bde4b418fc89a01e1383ba86396fb3e0a014c9d8c91f128106b9ce07f09c	15
https://www.francoispachet.fr/wp-content/uploads/2021/01/pachet-06a.pdf	input/publications-francois-pachet/pachet-06a.pdf	téléchargé		4914514	88f879ac587353e2e4e928af1b498b7b0fa461fd152c3a8fcaee8de10dad667e	12
https://www.francoispachet.fr/wp-content/uploads/2021/01/pachet-06c-1.pdf	input/publications-francois-pachet/pachet-06c-1.pdf	téléchargé		49714	81d489d6dddf082bea99314bac88795bd79cc76b5607a0800990ec257470bc5a	9
https://www.francoispachet.fr/wp-content/uploads/2021/01/pachet-06c.pdf	input/publications-francois-pachet/pachet-06c.pdf	téléchargé		49714	81d489d6dddf082bea99314bac88795bd79cc76b5607a0800990ec257470bc5a	9
https://www.francoispachet.fr/wp-content/uploads/2021/01/pachet-07a.pdf	input/publications-francois-pachet/pachet-07a.pdf	téléchargé		102151	0123de9e278612b3669e353ac82b0298c9812661c88fc333720aa50ad3a51561	9
https://www.francoispachet.fr/wp-content/uploads/2021/01/Pachet-08-Stiegler.pdf	input/publications-francois-pachet/Pachet-08-Stiegler.pdf	téléchargé		2282512	99d7360cd5403a7529bd761be8cf6564d7a3717a2d0e0aa1b85df4b152063362	15
https://www.francoispachet.fr/wp-content/uploads/2021/01/pachet-08_EnergieBienCulturel.pdf	input/publications-francois-pachet/pachet-08_EnergieBienCulturel.pdf	téléchargé		244765	7a2be672709c6179989a9a28051aff71948737819b45c7a9f19de4bfe3170841	5
https://www.francoispachet.fr/wp-content/uploads/2021/01/pachet-08a.pdf	input/publications-francois-pachet/pachet-08a.pdf	téléchargé		3718203	4eb10aab66e35905e1965b5428694222d80f03e55e8b37cb78b07cb7e62eaeff	20
https://www.francoispachet.fr/wp-content/uploads/2021/01/pachet-08b.pdf	input/publications-francois-pachet/pachet-08b.pdf	téléchargé		783624	9c6778784be688cf986fa3c983e1c4e6ece2b9a1eb9a2a20cb2d2565ec2afcf8	9
https://www.francoispachet.fr/wp-content/uploads/2021/01/pachet-08c.pdf	input/publications-francois-pachet/pachet-08c.pdf	téléchargé		188482	7d7e8ac501f764197ff836bbd8e6f55bd6da7e50b395f01e31c920d6e1e24e75	6
https://www.francoispachet.fr/wp-content/uploads/2021/01/pachet-08d.pdf	input/publications-francois-pachet/pachet-08d.pdf	téléchargé		789309	59f2d9e110a0fc2342708be49311a1ffea7025b3dbedde3cf870bb87a8f0a6fa	25
https://www.francoispachet.fr/wp-content/uploads/2021/01/pachet-08f.pdf	input/publications-francois-pachet/pachet-08f.pdf	téléchargé		1009711	b60b11e882dd5cd2ace67ba9d150a8953e5e669d4bc5bb18174f81d711de158e	13
https://www.francoispachet.fr/wp-content/uploads/2021/01/pachet-09c.pdf	input/publications-francois-pachet/pachet-09c.pdf	téléchargé		574637	8428f35b0b61acb68f73eb07a7a339fdf8172dcae2cc9d4eb09a061646692409	25
https://www.francoispachet.fr/wp-content/uploads/2021/01/pachet-10b.pdf	input/publications-francois-pachet/pachet-10b.pdf	téléchargé		3718603	fd29b1855a85cb42707d46271a718d33cc351bd4f6516044d2b3f67de544c5b4	20
https://www.francoispachet.fr/wp-content/uploads/2021/01/pachet-11a.pdf	input/publications-francois-pachet/pachet-11a.pdf	téléchargé		333034	070f36afcdf8ef953617894562f2ba2af50ab9286fb18ddfdb42d397fe34b928	22
https://www.francoispachet.fr/wp-content/uploads/2021/01/pachet-11b.pdf	input/publications-francois-pachet/pachet-11b.pdf	téléchargé		1186280	eae7e0604243dd4ef7507ac6482b33677c97bcf70f922872e96c8dee79fae84a	8
https://www.francoispachet.fr/wp-content/uploads/2021/01/pachet-12a.pdf	input/publications-francois-pachet/pachet-12a.pdf	téléchargé		5045935	6b0c1d018ef631b1729f0e0d68c451923fd5bf515d4b0d39514ef05a5bb7b382	4
https://www.francoispachet.fr/wp-content/uploads/2021/01/pachet-13a.pdf	input/publications-francois-pachet/pachet-13a.pdf	téléchargé		509117	e4871086c57a0c93f0c5c74888fbfe0db1e22803bb8e4d19fdc542c5993c20bb	4
https://www.francoispachet.fr/wp-content/uploads/2021/01/pachet-13b.pdf	input/publications-francois-pachet/pachet-13b.pdf	téléchargé		266884	91c193a523516f15853cdfd45958fee6984ff472583db8972e0e21d70d9678cc	2
https://www.francoispachet.fr/wp-content/uploads/2021/01/pachet-13c.pdf	input/publications-francois-pachet/pachet-13c.pdf	téléchargé		931545	ae3c8defb01addc6ca149aaad2a57120a874e876ffeb1f00684dfcd0a8a2e47a	6
https://www.francoispachet.fr/wp-content/uploads/2021/01/pachet-14a.pdf	input/publications-francois-pachet/pachet-14a.pdf	téléchargé		1604348	ecae486276efa175550cf9125781171f0e2843bd45b26a79ab37751687fe6334	8
https://www.francoispachet.fr/wp-content/uploads/2021/01/pachet-14b.pdf	input/publications-francois-pachet/pachet-14b.pdf	téléchargé		360674	d51356e5f831e0322724e5d549e70cf3ee4e1a9240a2e0e861a5c5d9cce414eb	2
https://www.francoispachet.fr/wp-content/uploads/2021/01/pachet-15a.pdf	input/publications-francois-pachet/pachet-15a.pdf	téléchargé		985237	0688c1780d519fc6e885a287dfb4a37b14aeb70b5f3db487bff37c4623aef017	7
https://www.francoispachet.fr/wp-content/uploads/2021/01/pachet-15c.pdf	input/publications-francois-pachet/pachet-15c.pdf	téléchargé		74121	77fee60cfec115d2f760cfafe721d27b04673105299279806989452703d2476c	2
https://www.francoispachet.fr/wp-content/uploads/2021/01/pachet-16-comment-flowcomposer.pdf	input/publications-francois-pachet/pachet-16-comment-flowcomposer.pdf	téléchargé		152230	90aff44aacab1f85629adf3bffecf4c6d27489ec29c92539377cd3709db48ae9	6
https://www.francoispachet.fr/wp-content/uploads/2021/01/pachet-16a.pdf	input/publications-francois-pachet/pachet-16a.pdf	téléchargé		935112	edbec0a1ccd3c7719d4f1dc5c58fdf12850bc03bb42c3a8194b18afbfe103254	13
https://www.francoispachet.fr/wp-content/uploads/2021/01/pachet-17d.pdf	input/publications-francois-pachet/pachet-17d.pdf	téléchargé		3236365	d754eac02f28ec9aedbe0fa1807f223ce49f0ae25194f95a348cdbf7c7e11e3d	7
https://www.francoispachet.fr/wp-content/uploads/2021/01/pachet-89-dl98.pdf	input/publications-francois-pachet/pachet-89-dl98.pdf	téléchargé		46243	e019d56d72f8e24712e52257a7c3f12e5f6fc9c020c2c266f670efcf02182898	6
https://www.francoispachet.fr/wp-content/uploads/2021/01/pachet-89-Tools89.pdf	input/publications-francois-pachet/pachet-89-Tools89.pdf	téléchargé		370001	82d3940269332cbf5197b5fe3ca0dc7666fbf8f15569cf60e2fad8183c2d0d47	10
https://www.francoispachet.fr/wp-content/uploads/2021/01/pachet-91-a_meta.pdf	input/publications-francois-pachet/pachet-91-a_meta.pdf	téléchargé		108580	0fc082827421582c7bbaa59ad2e845bcd4d289c1dc54b0974a1fbaa83bc3582f	4
https://www.francoispachet.fr/wp-content/uploads/2021/01/pachet-91-easteuroope.final_.pdf	input/publications-francois-pachet/pachet-91-easteuroope.final_.pdf	téléchargé		194718	8420560b6140c94b152833f0602b41729d70cdaa4be04685d4716ed11ad9f1f4	19
https://www.francoispachet.fr/wp-content/uploads/2021/01/pachet-91-iscis-v.final_.pdf	input/publications-francois-pachet/pachet-91-iscis-v.final_.pdf	téléchargé		140500	a2a9b398e9dbb5f431d4443fa0d4eedc796f2a88598e3eb6989aa55b875203f3	11
https://www.francoispachet.fr/wp-content/uploads/2021/01/pachet-91-NeOpus-manual.pdf	input/publications-francois-pachet/pachet-91-NeOpus-manual.pdf	téléchargé		98581	052452f46e238ff410d5bf4795a1d5efa75db6ab8fd64d0784d9adfa37e4f834	21
https://www.francoispachet.fr/wp-content/uploads/2021/01/pachet-91-representing_k.pdf	input/publications-francois-pachet/pachet-91-representing_k.pdf	téléchargé		109916	7edac4ad48da68a676bc8252e0dfca213634c98bc7fdaa49e12f98ae200ae682	4
https://www.francoispachet.fr/wp-content/uploads/2021/01/pachet-91_15_pour_en_finir.pdf	input/publications-francois-pachet/pachet-91_15_pour_en_finir.pdf	téléchargé		219302	5378bdb1157abaa4dd3c857309c7256f867b5139d8bb56b9bdb9a23ba468ddb6	36
https://www.francoispachet.fr/wp-content/uploads/2021/01/pachet-91_16-DuBonUsage.pdf	input/publications-francois-pachet/pachet-91_16-DuBonUsage.pdf	téléchargé		236481	1d9fa742ae23191555bfd505a3d06ea21e832f67e31e0fdb40355a5f7feac176	29
https://www.francoispachet.fr/wp-content/uploads/2021/01/pachet-92a.pdf	input/publications-francois-pachet/pachet-92a.pdf	téléchargé		151823	fb4ef4d071826dff63775f76587015d00b6439649c97a5597c0d64cf716dec23	15
https://www.francoispachet.fr/wp-content/uploads/2021/01/pachet-92b.pdf	input/publications-francois-pachet/pachet-92b.pdf	téléchargé		1432015	efdaa9b0e217677884044215250af4f71f71779738a7a56ccfee008be3bef427	285
https://www.francoispachet.fr/wp-content/uploads/2021/01/pachet-94-jim-final.pdf	input/publications-francois-pachet/pachet-94-jim-final.pdf	téléchargé		209817	456c11d1a955b0e431fcf6b883c8fa5fd5b9f13d7695aedcff340b741cd07a41	16
https://www.francoispachet.fr/wp-content/uploads/2021/01/pachet-94-SBCMFinal.pdf	input/publications-francois-pachet/pachet-94-SBCMFinal.pdf	téléchargé		204632	53c349d791cd48d706067199a58947196b7dcc91c255f01b24104ec59b6058da	7
https://www.francoispachet.fr/wp-content/uploads/2021/01/pachet-94a.pdf	input/publications-francois-pachet/pachet-94a.pdf	téléchargé		109210	5f24f5562cae92c1ba1b92d0ac62827990f40a529a9e6b00167dd47583aa76fc	14
https://www.francoispachet.fr/wp-content/uploads/2021/01/pachet-94b.pdf	input/publications-francois-pachet/pachet-94b.pdf	téléchargé		157139	2b6b62532f7d166dbcf8b1938110eb2547475226dcbbbaf522d2b7d22c5ca06f	8
https://www.francoispachet.fr/wp-content/uploads/2021/01/pachet-94f.pdf	input/publications-francois-pachet/pachet-94f.pdf	téléchargé		98730	eacc7019e938df0621dd4317dc59b2fb9b4fcf20b8dd0cc2056aa6311dbb5370	27
https://www.francoispachet.fr/wp-content/uploads/2021/01/pachet-94ReportNeOpus.pdf	input/publications-francois-pachet/pachet-94ReportNeOpus.pdf	téléchargé		100023	26bd4ee021fae51c4ae3eecb35c029a40f2cd78b1b35af61dfcb1c0d9148e26f	8
https://www.francoispachet.fr/wp-content/uploads/2021/01/pachet-95a.pdf	input/publications-francois-pachet/pachet-95a.pdf	téléchargé		175428	a5a60059b0a6f8bc9410108da4727adab646ee8f8479291c03950b7dfa92ce3d	18
https://www.francoispachet.fr/wp-content/uploads/2021/01/pachet-95d.pdf	input/publications-francois-pachet/pachet-95d.pdf	téléchargé		130752	c826c1b4b29ce2ef3192cb6d30b1d66f6b254cb2a16062f4d646fe67d9607bd8	13
https://www.francoispachet.fr/wp-content/uploads/2021/01/pachet-96-STE_num_3_1_1280.pdf	input/publications-francois-pachet/pachet-96-STE_num_3_1_1280.pdf	téléchargé		3577453	4ee7c732aad211da583769e9a3bee9ea44b6250ac273d63f51dffe0558c9908a	34
https://www.francoispachet.fr/wp-content/uploads/2021/01/pachet-96b.pdf	input/publications-francois-pachet/pachet-96b.pdf	téléchargé		238457	ff3322739465c4a8e4ce3777229253b961cd268b25e5147db91c4090907a689e	19
https://www.francoispachet.fr/wp-content/uploads/2021/01/pachet-97-Computer_Analysis_of_Jazz_Chord_Sequences.pdf	input/publications-francois-pachet/pachet-97-Computer_Analysis_of_Jazz_Chord_Sequences.pdf	téléchargé		139266	59fae515349409709e86c2b6ecc14482ba2c1fa7613ce0c3f42a6bc79372dc3c	21
https://www.francoispachet.fr/wp-content/uploads/2021/01/pachet-97-reifying_constraint_satisfaction_in_smalltalk.pdf	input/publications-francois-pachet/pachet-97-reifying_constraint_satisfaction_in_smalltalk.pdf	téléchargé		72909	d9ae58b3d5f8042b6640f797eef0cdf2401f468fee738c16621935f218016ffa	22
https://www.francoispachet.fr/wp-content/uploads/2021/01/pachet-97.pdf	input/publications-francois-pachet/pachet-97.pdf	téléchargé		883462	ddfe99546480a00fc60a4b5a9b0a0bbd5bd0ba0ed6bde42c16c74f7dea8df16b	65
https://www.francoispachet.fr/wp-content/uploads/2021/01/pachet-98-dafx.pdf	input/publications-francois-pachet/pachet-98-dafx.pdf	téléchargé		145618	9cc835a93a3015e22eeca490649fe2695f75db18794f4e9025c552bf97856c2a	4
https://www.francoispachet.fr/wp-content/uploads/2021/01/Pachet-98-EcaiHarmonisation.pdf	input/publications-francois-pachet/Pachet-98-EcaiHarmonisation.pdf	téléchargé		366847	fb9291c291e9b5e2d06da47f7ee06d0233f56be913acf0bb25e0155d730c7102	11
https://www.francoispachet.fr/wp-content/uploads/2021/01/pachet-98-Jim.pdf	input/publications-francois-pachet/pachet-98-Jim.pdf	téléchargé		125237	fc27221c0bc5703d7ffd55c4b54ab9d33d5cd345f51814d377156e5afad69ea9	11
https://www.francoispachet.fr/wp-content/uploads/2021/01/pachet-98-KRIMSfinal.pdf	input/publications-francois-pachet/pachet-98-KRIMSfinal.pdf	téléchargé		191059	c204c7e4d2242350e03c122d02e9ded9a41529901b109d56bd2a9cde6b2d2221	10
https://www.francoispachet.fr/wp-content/uploads/2021/01/pachet-98-VirtualWorlds.pdf	input/publications-francois-pachet/pachet-98-VirtualWorlds.pdf	téléchargé		197489	49d5be3dc5ce342abc57dae2d22bebfe058150a428813f94b91f27b81133d822	10
https://www.francoispachet.fr/wp-content/uploads/2021/01/pachet-98d.pdf	input/publications-francois-pachet/pachet-98d.pdf	téléchargé		175311	601983fc4cf17927209071290d384d6099ef63f2994b8bf8d683bafc571d35c1	9
https://www.francoispachet.fr/wp-content/uploads/2021/01/pachet-98h.pdf	input/publications-francois-pachet/pachet-98h.pdf	téléchargé		160566	0e167ccad301acb58b675fe516689d016253db3df353835554b974720baaeeb7	14
https://www.francoispachet.fr/wp-content/uploads/2021/01/pachet-98JIMAccords.pdf	input/publications-francois-pachet/pachet-98JIMAccords.pdf	téléchargé		107914	b7668c1c89286fcb5a038223e670c729bf23d85dd9c9e7345b5e442b0a2d9254	12
https://www.francoispachet.fr/wp-content/uploads/2021/01/pachet-99-ALP.pdf	input/publications-francois-pachet/pachet-99-ALP.pdf	téléchargé		148237	87ef6261f7706139e72dc0f9c2db08353fb2c7fbc3754d5e76aae773c6759916	5
https://www.francoispachet.fr/wp-content/uploads/2021/01/pachet-99-BordeauxEcouteActive.pdf	input/publications-francois-pachet/pachet-99-BordeauxEcouteActive.pdf	téléchargé		452625	edc7311249025fc7ce20ab52f4fbbff3d8877ce8ab19ca13bece47035a1fb367	5
https://www.francoispachet.fr/wp-content/uploads/2021/01/pachet-99-Casys.pdf	input/publications-francois-pachet/pachet-99-Casys.pdf	téléchargé		79709	b2dee253ad80a55bfae6768c898c34cf2098048c7cfa21ad359a28bb16a76e0c	20
https://www.francoispachet.fr/wp-content/uploads/2021/01/pachet-99-EcouteActive.pdf	input/publications-francois-pachet/pachet-99-EcouteActive.pdf	téléchargé		418000	4cd8d6a5e3a4007df6293812a291eb3f9cf43e60cb763640bf5f97160d73979f	5
https://www.francoispachet.fr/wp-content/uploads/2021/01/pachet-99-ICMC99.pdf	input/publications-francois-pachet/pachet-99-ICMC99.pdf	téléchargé		138655	a17ccc8c7210ebe6d473897b15bc25ad016feba42b973c4bc8dafdc4eed61695	4
https://www.francoispachet.fr/wp-content/uploads/2021/01/pachet-99-PACLP.pdf	input/publications-francois-pachet/pachet-99-PACLP.pdf	téléchargé		433820	dd025ff9ae36ee11ed71c02e2309db676166cc4b18fdc9a2909b58f6f3bac14b	11
https://www.francoispachet.fr/wp-content/uploads/2021/01/pachet-99-SRF-final.pdf	input/publications-francois-pachet/pachet-99-SRF-final.pdf	téléchargé		424923	1243f939d7c4e875827bf09b3076d0761ddf96459cec5a0dccf87564454a5707	6
https://www.francoispachet.fr/wp-content/uploads/2021/01/pachet-99a.pdf	input/publications-francois-pachet/pachet-99a.pdf	téléchargé		498427	082c40b6f121fbbcaab7a31a1da5a9c6a5459e7407f7c2cd3fb3e0a614abb456	16
https://www.francoispachet.fr/wp-content/uploads/2021/01/pachet-99e.pdf	input/publications-francois-pachet/pachet-99e.pdf	téléchargé		66392	9c02cfd3a5cfb63fa330d3ad49e1a95ec8a0227d3e1d148cb4f66a69e9152189	6
https://www.francoispachet.fr/wp-content/uploads/2021/01/pachet-99f.pdf	input/publications-francois-pachet/pachet-99f.pdf	téléchargé		764643	089bcfe695a04d264f36d13b5627af5ec9bf9b75b0cd10049c00a31fde4c8f43	10
https://www.francoispachet.fr/wp-content/uploads/2021/01/pachet-99m.pdf	input/publications-francois-pachet/pachet-99m.pdf	téléchargé		206116	2cdeea710a5a000b01e7841f27ea07e76c4ca1027d23f48fe364681d51c23a8c	15
https://www.francoispachet.fr/wp-content/uploads/2021/01/pachet-jim-01.pdf	input/publications-francois-pachet/pachet-jim-01.pdf	téléchargé		106963	3849e2f8ea9826682f88e01401e639066f38fb5599467f0b92e16b38aeded2d0	7
https://www.francoispachet.fr/wp-content/uploads/2021/01/Pachet-Perrot-94_24_reporteoops.pdf	input/publications-francois-pachet/Pachet-Perrot-94_24_reporteoops.pdf	téléchargé		96642	d1a3525c87a9c6b176517c86d621bacfa320847444bf2d6e1cc194040623d11d	10
https://www.francoispachet.fr/wp-content/uploads/2021/01/pachet-RegularityCyc.pdf	input/publications-francois-pachet/pachet-RegularityCyc.pdf	téléchargé		151823	b796ecba27d2e6b24cb0f01b9337f65ca22f1d051221b4e40c8363b97ad16972	11
https://www.francoispachet.fr/wp-content/uploads/2021/01/pachet-roy-RecitalComposerSRF.pdf	input/publications-francois-pachet/pachet-roy-RecitalComposerSRF.pdf	téléchargé		221333	682666cc53d720c18e797b8a06888ac385b66c6f0735602b10b7a67b88cc045e	2
https://www.francoispachet.fr/wp-content/uploads/2025/12/pachet-transparents.pdf	input/publications-francois-pachet/pachet-transparents.pdf	téléchargé		1960964	55ca445aca12a792e877ad3a66d002dba5b0f5059945b552a9f82bada941a9d8	22
https://www.francoispachet.fr/wp-content/uploads/2021/01/pachet12b.pdf	input/publications-francois-pachet/pachet12b.pdf	téléchargé		1980511	51cbd18f1a085594e92fb2597bfef0702be4e0406ead726209999d123412830a	36
https://www.francoispachet.fr/wp-content/uploads/2021/01/PachetDelerue-98-Ecai.pdf	input/publications-francois-pachet/PachetDelerue-98-Ecai.pdf	téléchargé		2455204	584990c5a4af7f17ff49497ee71ec809196e3ed2e38be6163cf56523f168551e	15
https://www.francoispachet.fr/wp-content/uploads/2021/01/PachetDelerue-98-SRF-final.pdf	input/publications-francois-pachet/PachetDelerue-98-SRF-final.pdf	téléchargé		424923	a99718edb158b30180f07c04fb2769807728e0ed4f01b7ac05c9a969982b4bfd	6
https://www.francoispachet.fr/wp-content/uploads/2021/01/PachetEnergyCulturalGood.pdf	input/publications-francois-pachet/PachetEnergyCulturalGood.pdf	téléchargé		387136	d6bb793379b107781a6edf8b205024649f1572baa436e6c9e914b411fd055e30	1
https://www.francoispachet.fr/wp-content/uploads/2021/01/papadopoulos-14a.pdf	input/publications-francois-pachet/papadopoulos-14a.pdf	téléchargé		1561898	a57b95dacd70393eedd3a923c24166387669a34b619645eaaf83d2267439ffab	7
https://www.francoispachet.fr/wp-content/uploads/2021/01/papadopoulos-15a.pdf	input/publications-francois-pachet/papadopoulos-15a.pdf	téléchargé		554839	e6bb5baf1398924a4ddf534b10fd2d9aabc0a59ad86d6f761cc0654d1f221387	7
https://www.francoispachet.fr/wp-content/uploads/2021/01/papadopoulos-15b.pdf	input/publications-francois-pachet/papadopoulos-15b.pdf	téléchargé		388448	3381ffd6ec8947fc0bbb81e98c0fa76dc16a4b1e749388e31f1cfac3cd61c0a5	11
https://www.francoispachet.fr/wp-content/uploads/2021/01/paquette-94a.pdf	input/publications-francois-pachet/paquette-94a.pdf	téléchargé		241737	387a471cd068137de0bce5ee8bf1b7d660bcc5fc0e6cfd7e21c32a80ae1381a4	39
https://www.francoispachet.fr/wp-content/uploads/2021/01/paquette-97a.pdf	input/publications-francois-pachet/paquette-97a.pdf	téléchargé		220888	f56768ebe6f97b776b844706381a3a62c9dfa7d4f9a68427411388b362929b31	31
http://www.computationalcreativity.net/iccc2016/wp-content/uploads/2016/08/Proceedings_ICCC16.pdf	input/publications-francois-pachet/Proceedings_ICCC16.pdf	téléchargé		43066134	84f7ebd4e7590de151c9e5699fa9c702e56286a9c66eb402bbb1838ba1c02415	413
https://www.francoispachet.fr/wp-content/uploads/2021/01/rabbat-08a.pdf	input/publications-francois-pachet/rabbat-08a.pdf	téléchargé		287158	21f52f75cd2ec708046fdd0ea6e8e4931922102e9cf610de6cf716fca8e445a2	6
https://www.francoispachet.fr/wp-content/uploads/2021/01/ramalho-94a.pdf	input/publications-francois-pachet/ramalho-94a.pdf	téléchargé		37288	12e16828ff57513311ce64d2d4081b2a85f1a0d15a57a3899185f8677515c7ae	5
https://www.francoispachet.fr/wp-content/uploads/2021/01/RamauxLiret-98-Ecai-final.pdf	input/publications-francois-pachet/RamauxLiret-98-Ecai-final.pdf	téléchargé		327436	10632bb7d2c63c2f58d52e6406100b8fdc7128bfe8224d5b61bedf15f1670ad5	8
https://www.francoispachet.fr/wp-content/uploads/2021/01/ramona-15a.pdf	input/publications-francois-pachet/ramona-15a.pdf	téléchargé		2905354	d8dd81befac5547acfb9f64a0c56a5f956793e443b7119646e0feaa86d0c78f3	18
https://www.francoispachet.fr/wp-content/uploads/2021/01/ramona-15b.pdf	input/publications-francois-pachet/ramona-15b.pdf	téléchargé		647881	74a259d557be939d22fc7ec03e095db70f89e14bdad4bb8c8cd00401abb7fe44	2
https://www.francoispachet.fr/wp-content/uploads/2021/01/Revault-isac93.pdf	input/publications-francois-pachet/Revault-isac93.pdf	téléchargé		84867	31c40e0866efcbb3ad23777c60b420ee0e338c613b30a17788c7090c4cf77a2b	12
https://www.francoispachet.fr/wp-content/uploads/2021/01/rivaud-16a.pdf	input/publications-francois-pachet/rivaud-16a.pdf	téléchargé		4891623	67f9388476f32983665881216d69f6c49237e93a25adf05624980e9a7c0440fc	7
https://www.francoispachet.fr/wp-content/uploads/2021/01/rolland-95-final.pdf	input/publications-francois-pachet/rolland-95-final.pdf	téléchargé		74193	f94caef1b08e2398fccb80d66dd0d703f82070801702ef11ad2e7c1523ee7b02	5
https://www.francoispachet.fr/wp-content/uploads/2021/01/rolland-95-jim95-final.pdf	input/publications-francois-pachet/rolland-95-jim95-final.pdf	téléchargé		281610	954265b1df6f6012a619700e2eccf553fcb660c8a42ec2eb48e19f721deaa407	12
https://www.francoispachet.fr/wp-content/uploads/2021/01/rolland-96a.pdf	input/publications-francois-pachet/rolland-96a.pdf	téléchargé		196033	763279c80d64468d9c9ea6b48eecb03cb00bc3f2219c9c2843e754e80c395993	22
https://www.francoispachet.fr/wp-content/uploads/2021/01/rousseaux-Espace-97.pdf	input/publications-francois-pachet/rousseaux-Espace-97.pdf	téléchargé		263324	4fc9dbbaf4657100b7f131e5fc4514ba50fb6cc2a178bf3b8200d01764c3ebd7	15
https://www.francoispachet.fr/wp-content/uploads/2021/01/roy-05b.pdf	input/publications-francois-pachet/roy-05b.pdf	téléchargé		526867	d11556c615ffbc4a008e531b450663fe2b010700a28a6f951a14dec77666a0cf	8
https://www.francoispachet.fr/wp-content/uploads/2021/01/roy-07a.pdf	input/publications-francois-pachet/roy-07a.pdf	téléchargé		222156	51db9d09d1338b5942f8caec64f3f1c9266afac137df7f6e3aecbc116deeba36	8
https://www.francoispachet.fr/wp-content/uploads/2021/01/roy-07b.pdf	input/publications-francois-pachet/roy-07b.pdf	téléchargé		95673	90339faccbf19efadd8e1fb4849ba1265e8e5d65b97a11894bf96d002649ecd7	8
https://www.francoispachet.fr/wp-content/uploads/2021/01/roy-07c.pdf	input/publications-francois-pachet/roy-07c.pdf	téléchargé		62632	5cf36f0bf3215b8e10e7dba4b5c4eaecdcb0f05d1e517a4017139b60f63a6010	4
https://www.francoispachet.fr/wp-content/uploads/2021/01/roy-13a.pdf	input/publications-francois-pachet/roy-13a.pdf	téléchargé		324618	4e4293e85e4172ea619f6fa0f5bc378b99193c56012285609b06cef4dcd485b2	8
https://www.francoispachet.fr/wp-content/uploads/2021/01/roy-16b.pdf	input/publications-francois-pachet/roy-16b.pdf	téléchargé		807771	e5e3e0e350770177c83c8cc318aab666a812095d12029c8e8b4dd499a3cb1dd0	16
https://www.francoispachet.fr/wp-content/uploads/2021/01/roy-97-GDR.pdf	input/publications-francois-pachet/roy-97-GDR.pdf	téléchargé		295719	308be94762f016b7dac303392eab833e7c1dea467afba34dd7f0ca7f09eace9b	5
https://www.francoispachet.fr/wp-content/uploads/2021/01/roy-97c.pdf	input/publications-francois-pachet/roy-97c.pdf	téléchargé		207662	a0500472b349c75cd9f484a7de52c6becfc874977c9a2bc79753046bc1e3879d	19
https://www.francoispachet.fr/wp-content/uploads/2021/01/roy-97d.pdf	input/publications-francois-pachet/roy-97d.pdf	téléchargé		87921	0d8c51684e1398c3911bca177579cef519d2e7acb0d879c4a44a91f7d989706c	5
https://www.francoispachet.fr/wp-content/uploads/2021/01/roy-98-EcaiSymmetry.pdf	input/publications-francois-pachet/roy-98-EcaiSymmetry.pdf	téléchargé		141903	9a20d06d4ccfc0bf30e1efb71d814bea4f1648e396326fffd3c5c690238dd815	7
https://www.francoispachet.fr/wp-content/uploads/2021/01/roy-contraintes-tools95.pdf	input/publications-francois-pachet/roy-contraintes-tools95.pdf	téléchargé		84284	0f474c57934e6ed453c68bdcefb9b440d29264b6927b8de04f0d8cfb1aa32fa9	8
https://www.francoispachet.fr/wp-content/uploads/2021/01/roy98a.pdf	input/publications-francois-pachet/roy98a.pdf	téléchargé		76441	f64139cedeef6e41ffa8a5dcf88856f603edf5d10e0ff7febc8b2a9cce9ba605	5
https://www.francoispachet.fr/wp-content/uploads/2021/01/roy_97a.pdf	input/publications-francois-pachet/roy_97a.pdf	téléchargé		410093	7f847a91303fc862c91ce8bbf154172baeaa84e12953130542c2e6af59f45e35	23
https://www.francoispachet.fr/wp-content/uploads/2021/01/sakellariou-15a.pdf	input/publications-francois-pachet/sakellariou-15a.pdf	téléchargé		1422248	be52831ea3a5262aedcf4673daa25c747f1d5ae38e6dd55596d212f86978a5f5	4
https://www.francoispachet.fr/wp-content/uploads/2021/01/viaud-delmon-07a.pdf	input/publications-francois-pachet/viaud-delmon-07a.pdf	téléchargé		152941	37b6e932dfc4668eb0e54c5cb8fce9551a68fa408bca3946703fdb46aa12a88a	5
https://www.francoispachet.fr/wp-content/uploads/2021/01/vinet-02-The_CUIDADO_Project.pdf	input/publications-francois-pachet/vinet-02-The_CUIDADO_Project.pdf	téléchargé		400478	26f6896498210279f734c06475de5a4a0dabfa45eda203fb243375556272b779	7
https://www.francoispachet.fr/wp-content/uploads/2021/01/vinet-02b.pdf	input/publications-francois-pachet/vinet-02b.pdf	téléchargé		37658	8cc81b37e4bccdbc7010dbf721d06efd0ddb218919eb87d2c4d19cf3d94ad855	4
https://www.francoispachet.fr/wp-content/uploads/2024/08/WHAI_Pachet_Perrot.pdf	input/publications-francois-pachet/WHAI_Pachet_Perrot.pdf	téléchargé		85874	b421f0e7365e3ef878d0a7370f779d07e3261b0cb6f0d405652989eb4de8b01e	2
https://www.francoispachet.fr/wp-content/uploads/2021/01/zils-01a.pdf	input/publications-francois-pachet/zils-01a.pdf	téléchargé		390883	ba9ec8e463614154c7fee0e9bbc6df66a564ad5d6cede27602d8d98cc6dcd4aa	6
https://www.francoispachet.fr/wp-content/uploads/2021/01/zils-02.pdf	input/publications-francois-pachet/zils-02.pdf	téléchargé		51270	fca51aadd35422fb157972f659ea0b3296abd3aa09582fcbd8f7598787baa05e	5
https://www.francoispachet.fr/wp-content/uploads/2021/01/zils-03a.pdf	input/publications-francois-pachet/zils-03a.pdf	téléchargé		85238	8b0d44071ffcdf62aa0e879147892bb0f6db44e1e2c7ab516ac5f093cb6a38dc	4
https://www.francoispachet.fr/wp-content/uploads/2021/01/zils-04a.pdf	input/publications-francois-pachet/zils-04a.pdf	téléchargé		167967	2d0b97522f3800c44dd9771aed3318c8219664f6461b5691012c18ab8210ea03	12
